{
	"song": {
		"player1": "bf",
		"events": [],
		"gfVersion": "gf",
		"notes": [
			{
				"sectionNotes": [
					[
						0,
						1,
						0
					],
					[
						250,
						1,
						0
					],
					[
						500,
						3,
						0
					],
					[
						875,
						0,
						0
					],
					[
						1125,
						2,
						0
					],
					[
						1250,
						1,
						0
					],
					[
						1500,
						3,
						0
					],
					[
						1750,
						0,
						0
					],
					[
						750,
						7,
						0
					],
					[
						875,
						4,
						0
					],
					[
						1000,
						6,
						0
					],
					[
						1125,
						4,
						0
					],
					[
						1250,
						7,
						0
					],
					[
						1375,
						5,
						0
					],
					[
						1437.5,
						6,
						0
					],
					[
						1500,
						4,
						0
					]
				],
				"lengthInSteps": 16,
				"mustHitSection": false
			},
			{
				"sectionNotes": [
					[
						2000,
						6,
						0
					],
					[
						2250,
						6,
						0
					],
					[
						2500,
						5,
						0
					],
					[
						2875,
						7,
						0
					],
					[
						3125,
						4,
						0
					],
					[
						3250,
						6,
						0
					],
					[
						3500,
						4,
						0
					],
					[
						2250,
						0,
						0
					],
					[
						2375,
						3,
						0
					],
					[
						2500,
						1,
						0
					],
					[
						2625,
						3,
						0
					],
					[
						2750,
						0,
						0
					],
					[
						2875,
						2,
						0
					],
					[
						3250,
						1,
						0
					],
					[
						3375,
						2,
						0
					],
					[
						3500,
						0,
						0
					],
					[
						3750,
						0,
						0
					],
					[
						3875,
						3,
						0
					],
					[
						3604.16666666667,
						1,
						0
					],
					[
						3625,
						3,
						0
					],
					[
						3645.83333333333,
						2,
						0
					]
				],
				"lengthInSteps": 16,
				"mustHitSection": true
			},
			{
				"sectionNotes": [
					[
						4000,
						3,
						0
					],
					[
						4250,
						1,
						0
					],
					[
						4500,
						2,
						0
					],
					[
						4875,
						0,
						0
					],
					[
						5125,
						3,
						0
					],
					[
						5250,
						1,
						0
					],
					[
						5500,
						2,
						0
					],
					[
						5750,
						0,
						0
					],
					[
						4333.33333333333,
						5,
						0
					],
					[
						4437.5,
						6,
						0
					],
					[
						4625,
						4,
						0
					],
					[
						4750,
						7,
						0
					],
					[
						5000,
						5,
						0
					],
					[
						5125,
						4,
						0
					],
					[
						5250,
						7,
						0
					],
					[
						5375,
						6,
						0
					],
					[
						5500,
						4,
						0
					],
					[
						5625,
						5,
						0
					],
					[
						5750,
						7,
						0
					]
				],
				"lengthInSteps": 16,
				"mustHitSection": false
			},
			{
				"sectionNotes": [
					[
						6000,
						7,
						0
					],
					[
						6250,
						4,
						0
					],
					[
						6500,
						6,
						0
					],
					[
						6875,
						4,
						0
					],
					[
						7125,
						6,
						0
					],
					[
						7250,
						5,
						0
					],
					[
						7500,
						7,
						0
					],
					[
						6250,
						1,
						0
					],
					[
						6375,
						2,
						0
					],
					[
						6625,
						0,
						0
					],
					[
						6750,
						3,
						0
					],
					[
						7000,
						1,
						0
					],
					[
						7125,
						2,
						0
					],
					[
						7375,
						0,
						0
					],
					[
						7500,
						3,
						0
					],
					[
						7750,
						1,
						0
					]
				],
				"lengthInSteps": 16,
				"mustHitSection": true
			},
			{
				"sectionNotes": [],
				"lengthInSteps": 16,
				"mustHitSection": false
			},
			{
				"sectionNotes": [
					[
						10250,
						0,
						0
					],
					[
						10500,
						1,
						0
					],
					[
						11000,
						2,
						0
					]
				],
				"lengthInSteps": 16,
				"mustHitSection": true
			},
			{
				"sectionNotes": [],
				"lengthInSteps": 16,
				"mustHitSection": false
			},
			{
				"sectionNotes": [
					[
						14250,
						1,
						0
					],
					[
						14500,
						3,
						0
					],
					[
						14750,
						0,
						0
					],
					[
						15000,
						2,
						0
					]
				],
				"lengthInSteps": 16,
				"mustHitSection": true
			},
			{
				"sectionNotes": [],
				"lengthInSteps": 16,
				"mustHitSection": false
			},
			{
				"sectionNotes": [
					[
						18250,
						1,
						0
					],
					[
						18500,
						2,
						0
					],
					[
						18750,
						0,
						0
					],
					[
						19000,
						1,
						0
					],
					[
						19500,
						3,
						0
					]
				],
				"lengthInSteps": 16,
				"mustHitSection": true
			},
			{
				"sectionNotes": [],
				"lengthInSteps": 16,
				"mustHitSection": false
			},
			{
				"sectionNotes": [
					[
						22000,
						3,
						0
					],
					[
						22250,
						1,
						0
					],
					[
						22750,
						2,
						0
					],
					[
						23000,
						0,
						0
					],
					[
						23250,
						3,
						0
					],
					[
						23750,
						0,
						0
					],
					[
						22000,
						5,
						0
					],
					[
						22250,
						5,
						0
					],
					[
						22500,
						7,
						0
					],
					[
						22875,
						4,
						0
					],
					[
						23125,
						6,
						0
					],
					[
						23250,
						7,
						0
					],
					[
						23500,
						5,
						0
					],
					[
						23750,
						7,
						0
					]
				],
				"lengthInSteps": 16,
				"mustHitSection": true
			},
			{
				"sectionNotes": [],
				"lengthInSteps": 16,
				"mustHitSection": false
			},
			{
				"sectionNotes": [],
				"lengthInSteps": 16,
				"mustHitSection": false
			},
			{
				"sectionNotes": [
					[
						28000,
						3,
						0
					],
					[
						28500,
						2,
						0
					],
					[
						29000,
						1,
						0
					],
					[
						29250,
						2,
						0
					],
					[
						29500,
						0,
						0
					]
				],
				"lengthInSteps": 16,
				"mustHitSection": true
			},
			{
				"sectionNotes": [
					[
						30000,
						1,
						0
					],
					[
						30250,
						3,
						0
					],
					[
						30500,
						0,
						0
					],
					[
						30750,
						2,
						0
					],
					[
						31000,
						3,
						0
					],
					[
						31250,
						1,
						0
					],
					[
						31500,
						2,
						0
					]
				],
				"lengthInSteps": 16,
				"mustHitSection": true
			},
			{
				"sectionNotes": [],
				"lengthInSteps": 16,
				"mustHitSection": false
			},
			{
				"sectionNotes": [],
				"lengthInSteps": 16,
				"mustHitSection": false
			},
			{
				"sectionNotes": [
					[
						36500,
						2,
						0
					],
					[
						36750,
						3,
						0
					],
					[
						37000,
						1,
						0
					],
					[
						37250,
						2,
						0
					],
					[
						37500,
						0,
						0
					],
					[
						37750,
						1,
						0
					]
				],
				"lengthInSteps": 16,
				"mustHitSection": true
			},
			{
				"sectionNotes": [
					[
						38250,
						3,
						0
					],
					[
						38500,
						0,
						0
					],
					[
						38750,
						2,
						0
					],
					[
						39000,
						1,
						0
					],
					[
						39500,
						3,
						0
					]
				],
				"lengthInSteps": 16,
				"mustHitSection": true
			},
			{
				"sectionNotes": [],
				"lengthInSteps": 16,
				"mustHitSection": false
			},
			{
				"sectionNotes": [
					[
						42250,
						0,
						0
					],
					[
						42500,
						1,
						0
					],
					[
						43000,
						2,
						0
					],
					[
						43500,
						0,
						0
					],
					[
						43750,
						2,
						0
					]
				],
				"lengthInSteps": 16,
				"mustHitSection": true
			},
			{
				"sectionNotes": [],
				"lengthInSteps": 16,